Region,Zone,Woreda
Addis Ababa,Addis Ketema,Addis Ketema
Addis Ababa,Akaki,Akaki
Addis Ababa,Arada,Arada
Addis Ababa,Bole,Bole
Addis Ababa,Gulele,Gulele
Addis Ababa,Kirkos,Kirkos
Addis Ababa,Kolfe,Kolfe
Addis Ababa,Lemi Kura,Lemi Kura
Addis Ababa,Lideta,Lideta
Addis Ababa,Nefas silk Lafto,Nefas silk Lafto
Addis Ababa,Yeka,Yeka
Afar,Zone 1,Adear
Afar,Zone 1,Afambo
Afar,Zone 1,Ayssaita Town
Afar,Zone 1,Chifra town
Afar,zone 1,Mille Town
Afar,Zone 1,Ayssaita woreda
Afar,Zone 1,Chifra
Afar,Zone 1,Dubti town
Afar,Zone 1,Dubti woreda
Afar,Zone 1,Elidear
Afar,Zone 1,Kori
Afar,Zone 1,Mille
Afar,Zone 1,Semere-Logia
Afar,Zone 2,Abe'ala town
Afar,Zone 2,Abe'ala Woreda
Afar,Zone 2,Afdera
Afar,Zone 2,Berahile
Afar,zone 2,Wasema
Afar,Zone 2,Bidu
Afar,Zone 2,Dallol
Afar,Zone 2,Erebti
Afar,Zone 2,Koneba
Afar,Zone 2,Megale
Afar,Zone 3,Amibara
Afar,Zone 3,Aregoba
Afar,Zone 3,Awash Fentale
Afar,Zone 3,Awash town
Afar,Zone 3,Bure Medaitu
Afar,Zone 3,Dulecha
Afar,Zone 3,Gele'alo
Afar,zone 3,werar town
Afar,zone 3,Abida
Afar,Zone 3,Gewane
Afar,Zone 3,Hanorika
Afar,Zone 4,Awura
Afar,Zone 4,Ewa
Afar,Zone 4,Gulina
Afar,Zone 4,Teru
Afar,Zone 4,Mabay
Afar,Zone 4,Yallo
Afar,Zone 5,Dalifaghe
Afar,Zone 5,Dewe
Afar,Zone 5,Hadele'ela
Afar,Zone 5,Semurobi
Afar,Zone 5,Telalak
Afar,Zone 6,Kilalu
Afar,Zone 6,Adaado
Afar,Zone 6,Gereni
Afar,Zone 6,Yangudi
Afar,zone 6,Sibaybi
Amhara,Awi,Ankesha
Amhara,Awi,Ayehu Guagusa
Amhara,Awi,Banja
Amhara,Awi,Chagni Town
Amhara,Awi,Dangila Town
Amhara,Awi,Dangila Zuria
Amhara,Awi,Fagita Lekoma
Amhara,Awi,Guagusa shikudad
Amhara,Awi,Guangua
Amhara,Awi,Injibara Town
Amhara,Awi,Jawi
Amhara,Awi,Zigem
Amhara,Bahir dar Town,Bahirdar
Amhara,Central Gondor,Alefa
Amhara,Central Gondor,Central Armachiho
Amhara,Central Gondor,Chilga-01
Amhara,Central Gondor,Chilga-02
Amhara,Central Gondor,East belesa
Amhara,Central Gondor,East Dembia
Amhara,Central Gondor,G/Zurai
Amhara,Central Gondor,kinfaz
Amhara,Central Gondor,Lay Armachiho
Amhara,Central Gondor,Tach Armachiho
Amhara,Central Gondor,Takusa
Amhara,Central Gondor,Tegedie
Amhara,Central Gondor,West belesa
Amhara,Central Gondor,West Dembia
Amhara,Central Gondor,Wogera
Amhara,Debere Birhan town,Debere Birhan town
Amhara,Debre Markos Town,Debre Markos
Amhara,Debre Tabor town,Debre Tabor town
Amhara,Dessie Town,Dessie
Amhara,East Gojam,Aneded
Amhara,East Gojam,Awabel
Amhara,East Gojam,Basoliben
Amhara,East Gojam,Bibugn
Amhara,East Gojam,Debaytilayit Gin
Amhara,East Gojam,Debre Elias
Amhara,East Gojam,Dejen
Amhara,East Gojam,Enarj Enawuga
Amhara,East Gojam,Enemay
Amhara,East Gojam,Enesiesarmidir
Amhara,East Gojam,Goncha
Amhara,East Gojam,Gozamn
Amhara,East Gojam,Hulteeju enesie
Amhara,East Gojam,Machakel
Amhara,East Gojam,Motta
Amhara,East Gojam,Sedie
Amhara,East Gojam,Shebel
Amhara,East Gojam,Sinan
Amhara,Gondar Town,Gondar Town
Amhara,Kombolcha Town,Kombolcha
Amhara,North Gojjam,Bahir Dar Zuria
Amhara,North Gojjam,Debub Achefer
Amhara,North Gojjam,Debub Mecha
Amhara,North Gojjam,Gonji Kollela
Amhara,North Gojjam,Semen Achefer
Amhara,North Gojjam,Semen Mecha
Amhara,North Gojjam,Yilmana Densa
Amhara,North Gondor,Adiarkay
Amhara,North Gondor,Beyeda
Amhara,North Gondor,Dabat
Amhara,North Gondor,Debark Town
Amhara,North Gondor,Debark Zuria
Amhara,North Gondar,East Telemt
Amhara,North Gondor,Janamora
Amhara,North Gondar,Maytebri
Amhara,North Gondor,Telemt
Amhara,North Gondar,West telemt
Amhara,North Shoa,Angolela
Amhara,North Shoa,Ankober
Amhara,North Shoa,Antsokia
Amhara,North Shoa,Asagirete
Amhara,North Shoa,Baso
Amhara,North Shoa,Berhete
Amhara,North Shoa,Eferata
Amhara,North Shoa,Ensaro
Amhara,North Shoa,Gishe
Amhara,North Shoa,H/Mariam
Amhara,North Shoa,Kewote
Amhara,North Shoa,Menze Gera
Amhara,North Shoa,Menze Keya
Amhara,North Shoa,Menze Lalo
Amhara,North Shoa,Menze Mama
Amhara,North Shoa,Merhabete
Amhara,North Shoa,Mida
Amhara,North Shoa,Minjar
Amhara,North Shoa,Moja
Amhara,North Shoa,Morete
Amhara,North Shoa,Shewarobit
Amhara,North Shoa,Siadbere
Amhara,North Shoa,Tarmaber
Amhara,North Wollo,Alamata Town
Amhara,North Wollo,Angot
Amhara,North Wollo,Bugna
Amhara,North Wollo,Dawunt
Amhara,North Wollo,gazo
Amhara,North Wollo,Gidan
Amhara,North Wollo,Gubalafto
Amhara,North Wollo,Habru
Amhara,North Wollo,Kobo Town
Amhara,North Wollo,Lalibela Town
Amhara,North Wollo,Lasta
Amhara,North Wollo,Meket
Amhara,North Wollo,Raya Alamata
Amhara,North Wollo,Raya Bala
Amhara,North Wollo,Raya Kobo
Amhara,North Wollo,Wadla
Amhara,Oromia special Zone,Artuma Fursi
Amhara,Oromia special Zone,Bati Woreda
Amhara,Oromia special Zone,Bati Town
Amhara,Oromia special Zone,Dewa chefa
Amhara,Oromia special Zone,Dewe Harewa
Amhara,Oromia special Zone,Jile Timuga
Amhara,Oromia special Zone,Kemisse town
Amhara,South Gondor,Andabet
Amhara,South Gondor,Dera
Amhara,South Gondor,Ebinat
Amhara,South Gondor,Estie
Amhara,South Gondor,Farta
Amhara,South Gondor,Fogera
Amhara,South Gondor,Guna begemidr
Amhara,South Gondor,Lay Gayint
Amhara,South Gondor,Libo kemkem
Amhara,South Gondor,Meketewa
Amhara,South Gondor,Sedie mujja
Amhara,South Gondor,Simada
Amhara,South Gondor,T/gaynet
Amhara,South Gondor,Woreta
Amhara,South Wollo,Albuko
Amhara,South Wollo,Ambassel
Amhara,South Wollo,Argoba
Amhara,South Wollo,Borena
Amhara,South Wollo,Delanta
Amhara,South Wollo,Dessiezuria
Amhara,South Wollo,Jamma
Amhara,South Wollo,Kallu
Amhara,South Wollo,Kelala
Amhara,South Wollo,Kutaber
Amhara,South Wollo,Legambo
Amhara,South Wollo,Legehida
Amhara,South Wollo,Mehalsayint
Amhara,South Wollo,Mekdela
Amhara,South Wollo,Sayint
Amhara,South Wollo,Tehuledere
Amhara,South Wollo,Tenta
Amhara,South Wollo,Wogedi
Amhara,South Wollo,Worebabo
Amhara,South Wollo,Woreilu
Amhara,Wag himra,Abrigelie
Amhara,Wag himra,Dehana
Amhara,Wag himra,Gazgibla
Amhara,Wag himra,Korem
Amhara,Wag himra,Ofla
Amhara,Wag himra,Sehala
Amhara,Wag himra,Sekota Town
Amhara,Wag himra,Sekota Zuriya
Amhara,Wag himra,Tsagbijie
Amhara,Wag himra,Zata
Amhara,Wag himra,Ziquala
Amhara,West Gojjam,Bure Town
Amhara,West Gojjam,Bure Zuria
Amhara,West Gojjam,Dega Damot
Amhara,West Gojjam,Dembecha
Amhara,West Gojjam,Finot Selam
Amhara,West Gojjam,Jabi Tehinan
Amhara,West Gojjam,Quarit
Amhara,West Gojjam,Sekela
Amhara,West Gojjam,Womberma
Amhara,West Gondor,Adagnager
Amhara,West Gondor,Gendawuha
Amhara,West Gondor,Metema
Amhara,West Gondor,Quara
Amhara,West Gondor,West arimachiho
Amhara,Woldya town,Woldya
Amhara,Wolkayit,Awura
Amhara,Wolkayit,Dansha
Amhara,Wolkayit,Kafita
Amhara,Wolkayit,Setit
Amhara,Wolkayit,Tegedie
Amhara,Wolkayit,Wolkayit
Benishangul-Gumuz,Assosa,Abrahamo
Benishangul-Gumuz,Assosa,Asossa Twon
Benishangul-Gumuz,Assosa,Bambasi
Benishangul-Gumuz,Assosa,Homosha
Benishangul-Gumuz,Assosa,Kurmuk
Benishangul-Gumuz,Assosa,Menge
Benishangul-Gumuz,Assosa,Oda Buldiglu
Benishangul-Gumuz,Assosa,Ondulu
Benishangul-Gumuz,Assosa,Oura Woreda
Benishangul-Gumuz,Assosa,Sherkole
Benishangul-Gumuz,Kamash,Dambe
Benishangul-Gumuz,Kamash,Kamashi
Benishangul-Gumuz,Kamash,Kamashi Town
Benishangul-Gumuz,Kamash,Mizhiga
Benishangul-Gumuz,Kamash,Sedal
Benishangul-Gumuz,Kamash,Zay
Benishangul-Gumuz,Mao Komo,Mao Komo
Benishangul-Gumuz,Metekel,Bullen
Benishangul-Gumuz,Metekel,Dangur
Benishangul-Gumuz,Metekel,Dibati
Benishangul-Gumuz,Metekel,Gelgel Beles Twon
Benishangul-Gumuz,Metekel,Guba
Benishangul-Gumuz,Metekel,Mandura
Benishangul-Gumuz,Metekel,Pawi
Benishangul-Gumuz,Metekel,Wonbera
Central Ethiopia,East Gurage,Buee
Central Ethiopia,East Gurage,Butajera Twon
Central Ethiopia,East Gurage,Enseno Town
Central Ethiopia,East Gurage,East Meskan
Central Ethiopia,East Gurage,Meskan
Central Ethiopia,East Gurage,Sodo
Central Ethiopia,East Gurage,South Sodo
Central Ethiopia,Gurage,Cheha
Central Ethiopia,Gurage,Abeshege
Central Ethiopia,Gurage,Emdibir
Central Ethiopia,Gurage,Enidguagn
Central Ethiopia,Gurage,Enorenermeger
Central Ethiopia,Gurage,Arekit Town
Central Ethiopia,Gurage,Agena Town
Central Ethiopia,Gurage,Enor
Central Ethiopia,Gurage,Ezha
Central Ethiopia,Gurage,Gedebano Gutazer Welene
Central Ethiopia,Gurage,Geta
Central Ethiopia,Gurage,Gumer
Central Ethiopia,Gurage,Gunchire Town
Central Ethiopia,Gurage,Muhurna Aklil
Central Ethiopia,Gurage,Wolkite Town
Central Ethiopia,Kebena Special Woreda,Kebena Special Woreda
Central Ethiopia,Mareko Special Woreda,Mareko Special Woreda
Central Ethiopia,Hadiya,Ameka
Central Ethiopia,Hadiya,Annalemo
Central Ethiopia,Hadiya,Bonosha
Central Ethiopia,Hadiya,Duna
Central Ethiopia,Hadiya,East Badewacho
Central Ethiopia,Hadiya,Fonko Town
Central Ethiopia,Hadiya,Gibe
Central Ethiopia,Hadiya,Gimbichu
Central Ethiopia,Hadiya,Gombora
Central Ethiopia,Hadiya,Homocho Town
Central Ethiopia,Hadiya,Hossana Town
Central Ethiopia,Hadiya,Jajura Town
Central Ethiopia,Hadiya,Lemo
Central Ethiopia,Hadiya,Mirab Soro
Central Ethiopia,Hadiya,Misha
Central Ethiopia,Hadiya,Shashogo
Central Ethiopia,Hadiya,Shone Town
Central Ethiopia,Hadiya,Siraro Badewacho
Central Ethiopia,Hadiya,Soro
Central Ethiopia,Hadiya,West Badewacho
Central Ethiopia,Halaba,Atoti Ullo
Central Ethiopia,Halaba,Halaba Kulito Town
Central Ethiopia,Halaba,Werra
Central Ethiopia,Halaba,Werra Dijjo
Central Ethiopia,Kembata,Adilo Zuriya
Central Ethiopia,Kembata,Angacha Town
Central Ethiopia,Kembata,Angacha Woreda
Central Ethiopia,Kembata,Damboya Town
Central Ethiopia,Kembata,Damboya Woreda
Central Ethiopia,Kembata,Doyogena Town
Central Ethiopia,Kembata,Doyogena Woreda
Central Ethiopia,Kembata,Durame Town
Central Ethiopia,Kembata,Hadar Tunto Zuria
Central Ethiopia,Kembata,Hadaro Town
Central Ethiopia,Kembata,Kacha Birra
Central Ethiopia,Kembata,Kedida Gamela
Central Ethiopia,Kembata,Shinishicho Town
Central Ethiopia,Tembaro Special Woreda,Mudula Town
Central Ethiopia,Tembaro Special Woreda,Tembaro
Central Ethiopia,Silte,Alemgebeya Town
Central Ethiopia,Silte,Alicho Wiriro
Central Ethiopia,Silte,Dalocha
Central Ethiopia,Silte,Dalocha Town
Central Ethiopia,Silte,East Azernet Berbere
Central Ethiopia,Silte,East Silti
Central Ethiopia,Silte,Hulbareg
Central Ethiopia,Silte,Kibet Town
Central Ethiopia,Silte,Lanfuro
Central Ethiopia,Silte,Mito
Central Ethiopia,Silte,Sankura
Central Ethiopia,Silte,Silti
Central Ethiopia,Silte,Tora Town
Central Ethiopia,Silte,West azernet
Central Ethiopia,Silte,Worabe
Central Ethiopia,Yem,Fofa
Central Ethiopia,Yem,Toba
Central Ethiopia,Yem,Deri Saja Zuriya
Central Ethiopia,Yem,Saja Town
Dire Dawa,Dire Dawa,Adis Ketema Operational Woreda
Dire Dawa,Dire Dawa,Biyoawale Operational Woreda
Dire Dawa,Dire Dawa,Dire Dawa Operational Woreda
Dire Dawa,Dire Dawa,Gende Kore Operational Woreda
Dire Dawa,Dire Dawa,Goro Operational Woreda
Dire Dawa,Dire Dawa,Jeldessa Operational Woreda
Dire Dawa,Dire Dawa,Legehare Operational Woreda
Dire Dawa,Dire Dawa,Melkajebdu Operational Woreda
Dire Dawa,Dire Dawa,Wahil Operational Woreda
Gambella,Anywaa,Abobo
Gambella,Anywaa,Dimma
Gambella,Anywaa,Gambella Woreda
Gambella,Anywaa,Gog
Gambella,Anywaa,Jor
Gambella,Anywaa,Jewi RC
Gambella,Anywaa,Pugnido 1 RC
Gambella,Anywaa,Pugnido 2 RC
Gambella,Anywaa,Okugo RC
Gambella,Gambella Town Admin.,Gambella Town Admin.
Gambella,Itang Special Woreda,Itang Special Woreda
Gambella,Majang,Godere
Gambella,Majang,Mengeshi
Gambella,Nuer,Akobo
Gambella,Nuer,Jikawo
Gambella,Nuer,Lare
Gambella,Nuer,Makuey
Gambella,Nuer,Wanthoa
Gambella,Itang Special Woreda,Kule RC
Gambella,Itang Special Woreda,Ngugnyiel RC
Gambella,Itang Special Woreda,Terkidy RC
Harari,Harari,Abadir
Harari,Harari,Aboker
Harari,Harari,Amirnur
Harari,Harari,Direteyara
Harari,Harari,Erer
Harari,Harari,Hakim
Harari,Harari,Jenela
Harari,Harari,Shenkor
Harari,Harari,Sofi
Oromia,Arsi ZHD,Amigna WorHO
Oromia,Arsi ZHD,Aseko WorHO
Oromia,Arsi ZHD,Bale Gasgar WorHO
Oromia,Arsi ZHD,Bokeji Town WorHO
Oromia,Arsi ZHD,Chole WorHO
Oromia,Arsi ZHD,Deksis WorHO
Oromia,Arsi ZHD,Dera Town WorHO
Oromia,Arsi ZHD,Digeluna Tijo WorHO
Oromia,Arsi ZHD,Dodota WorHO
Oromia,Arsi ZHD,Enkelo Wabe WorHO
Oromia,Arsi ZHD,Gololcha WorHO
Oromia,Arsi ZHD,Guna WorHO
Oromia,Arsi ZHD,Hitosa WorHO
Oromia,Arsi ZHD,Huruta Town WorHO
Oromia,Arsi ZHD,Jeju WorHO
Oromia,Arsi ZHD,Limuna Bilbilo WorHO
Oromia,Arsi ZHD,Lode Hetosa WorHO
Oromia,Arsi ZHD,Merti WorHO
Oromia,Arsi ZHD,Munesa WorHO
Oromia,Arsi ZHD,Robe WorHO
Oromia,Arsi ZHD,Seru WorHO
Oromia,Arsi ZHD,Shanan Kolu WorHO
Oromia,Arsi ZHD,Shirka WorHO
Oromia,Arsi ZHD,Sire WorHO
Oromia,Arsi ZHD,Sude WorHO
Oromia,Arsi ZHD,Tena WorHO
Oromia,Arsi ZHD,Tiyo WorHO
Oromia,Arsi ZHD,Ziway Dugda WorHO
Oromia,Bale ZHD,Agarfa WorHO
Oromia,Bale ZHD,Berbere WorHO
Oromia,Bale ZHD,Dello menna WorHO
Oromia,Bale ZHD,Dinsho WorHO
Oromia,Bale ZHD,Gasera WorHO
Oromia,Bale ZHD,Goba WorHO
Oromia,Bale ZHD,Goro WorHO
Oromia,Bale ZHD,Guradhamole WorHO
Oromia,Bale ZHD,Harena Bulluk WorHO
Oromia,Bale ZHD,Sinana WorHO
Oromia,Borena ZHD,Dilo WorHO
Oromia,Borena ZHD,Dire WorHO
Oromia,Borena ZHD,Dubluki WorHO
Oromia,Borena ZHD,Elwaye WorHO
Oromia,Borena ZHD,Gomole WorHO
Oromia,Borena ZHD,Guchi WorHO
Oromia,Borena ZHD,Miyo WorHO
Oromia,Borena ZHD,Moyale WorHO
Oromia,Borena ZHD,Taltale WorHO
Oromia,Borena ZHD,Yabelo Town WorHO
Oromia,Borena ZHD,Yabelo WorHO
Oromia,Buno Bedele ZHD,Bedele Town WorHO
Oromia,Buno Bedele ZHD,Bedele WorHO
Oromia,Buno Bedele ZHD,Borecha WorHO
Oromia,Buno Bedele ZHD,Chewaka WorHO
Oromia,Buno Bedele ZHD,Chora WorHO
Oromia,Buno Bedele ZHD,Dabo Hana WorHO
Oromia,Buno Bedele ZHD,Dedesa WorHO
Oromia,Buno Bedele ZHD,Dega WorHO
Oromia,Buno Bedele ZHD,Gechi WorHO
Oromia,Buno Bedele ZHD,Meko WorHO
Oromia,East Bale ZHD,Dawe kachen WorHO
Oromia,East Bale ZHD,Dawe Serer WorHO
Oromia,East Bale ZHD,Ginnir Town WorHO
Oromia,East Bale ZHD,Ginnir WorHO
Oromia,East Bale ZHD,Gololcha WorHO
Oromia,East Bale ZHD,Laga Hidha WorHO
Oromia,East Bale ZHD,Rayitu WorHO
Oromia,East Bale ZHD,Sewena WorHO
Oromia,East Borena ZHD,Arero WorHO
Oromia,East Borena ZHD,Das WorHO
Oromia,East Borena ZHD,Goro Dola WorHO
Oromia,East Borena ZHD,Gumi Eldalo WorHO
Oromia,East Borena ZHD,Liben WorHO
Oromia,East Borena ZHD,Medawelabu WorHO
Oromia,East Borena ZHD,Negele Borena Town WorHO
Oromia,East Borena ZHD,Wachile WorHO
Oromia,East Borena ZHD,West Welabu WorHO
Oromia,East Hararge ZHD,Babile Town WorHO
Oromia,East Hararge ZHD,Babile WorHO
Oromia,East Hararge ZHD,Bedeno WorHO
Oromia,East Hararge ZHD,Chinaksen WorHO
Oromia,East Hararge ZHD,Deder Town WorHO
Oromia,East Hararge ZHD,Deder WorHO
Oromia,East Hararge ZHD,Fedis WorHO
Oromia,East Hararge ZHD,Girawa WorHO
Oromia,East Hararge ZHD,Gola Oda WorHO
Oromia,East Hararge ZHD,Goro Gutu WorHO
Oromia,East Hararge ZHD,Goro Muti WorHO
Oromia,East Hararge ZHD,Gursum WorHO
Oromia,East Hararge ZHD,Haromaya WorHO
Oromia,East Hararge ZHD,Jarso WorHO
Oromia,East Hararge ZHD,Kersa WorHO
Oromia,East Hararge ZHD,Kombolcha WorHO
Oromia,East Hararge ZHD,Kumbi WorHO
Oromia,East Hararge ZHD,Kurfa Chale WorHO
Oromia,East Hararge ZHD,Mekanisa Oromo WorHO
Oromia,East Hararge ZHD,Melkabello WorHO
Oromia,East Hararge ZHD,Meta WorHO
Oromia,East Hararge ZHD,Meye Muluke WorHO
Oromia,East Hararge ZHD,Midaga Tola WorHO
Oromia,East Shewa ZHD,Adaa WorHO
Oromia,East Shewa ZHD,Adama WorHO
Oromia,East Shewa ZHD,Adami Tulu Jido Kombolcha WorHO
Oromia,East Shewa ZHD,Akaki WorHO
Oromia,East Shewa ZHD,Bora WorHO
Oromia,East Shewa ZHD,Boset WorHO
Oromia,East Shewa ZHD,Dugda WorHO
Oromia,East Shewa ZHD,Fentale WorHO
Oromia,East Shewa ZHD,Gimbichu WorHO
Oromia,East Shewa ZHD,Liben WorHO
Oromia,East Shewa ZHD,Lume WorHO
Oromia,East Shewa ZHD,Meki Town WorHO
Oromia,East Shewa ZHD,Metehara Town WorHO
Oromia,East Wellega ZHD,Anger Gute Town WorHO
Oromia,East Wellega ZHD,Boneya Bushe WorHO
Oromia,East Wellega ZHD,Diga WorHO
Oromia,East Wellega ZHD,Ebantu WorHO
Oromia,East Wellega ZHD,Gida Ayana WorHO
Oromia,East Wellega ZHD,Gobu Seyo WorHO
Oromia,East Wellega ZHD,Gudeya Bila WorHO
Oromia,East Wellega ZHD,Guto Gida WorHO
Oromia,East Wellega ZHD,Haro Limu WorHO
Oromia,East Wellega ZHD,Jima Arjo WorHO
Oromia,East Wellega ZHD,Kiramu WorHO
Oromia,East Wellega ZHD,Leqa Dulecha WorHO
Oromia,East Wellega ZHD,Limu WorHO
Oromia,East Wellega ZHD,Nunu Kumba WorHO
Oromia,East Wellega ZHD,Sasiga WorHO
Oromia,East Wellega ZHD,Sibu Sire WorHO
Oromia,East Wellega ZHD,Wama Hagalo WorHO
Oromia,East Wellega ZHD,Wayu Tuqa WorHO
Oromia,Guji ZHD,Adola rede WorHO
Oromia,Guji ZHD,Adola Town WorHO
Oromia,Guji ZHD,Aga wayyu WorHO
Oromia,Guji ZHD,Anna Sorra WorHO
Oromia,Guji ZHD,Arda Jila Me'e Boko WorHO
Oromia,Guji ZHD,Bore WorHO
Oromia,Guji ZHD,Dama WorHO
Oromia,Guji ZHD,Girja WorHO
Oromia,Guji ZHD,Haro walabu WorHO
Oromia,Guji ZHD,Odo Shakiso WorHO
Oromia,Guji ZHD,Saba Boru WorHO
Oromia,Guji ZHD,Uraga WorHO
Oromia,Guji ZHD,Wadara WorHO
Oromia,Horo Gudru Wellega ZHD,Abay Chomen WorHO
Oromia,Horo Gudru Wellega ZHD,Abe Dengoro WorHO
Oromia,Horo Gudru Wellega ZHD,Amuru WorHO
Oromia,Horo Gudru Wellega ZHD,Chomen Guduru WorHO
Oromia,Horo Gudru Wellega ZHD,Guduru WorHO
Oromia,Horo Gudru Wellega ZHD,Hababo Guduru WorHO
Oromia,Horo Gudru Wellega ZHD,Horo Bulluq WorHO
Oromia,Horo Gudru Wellega ZHD,Horo WorHO
Oromia,Horo Gudru Wellega ZHD,Jardga Jarte WorHO
Oromia,Horo Gudru Wellega ZHD,Jimma Geneti WorHO
Oromia,Horo Gudru Wellega ZHD,Jimma Rare WorHO
Oromia,Horo Gudru Wellega ZHD,Shambu WorHO
Oromia,Horo Gudru Wellega ZHD,Sulula Fincha WorHO
Oromia,Ilu Aba Bora ZHD,Ale WorHO
Oromia,Ilu Aba Bora ZHD,Alge Sachi WorHO
Oromia,Ilu Aba Bora ZHD,Becho WorHO
Oromia,Ilu Aba Bora ZHD,Billo Nopha WorHO
Oromia,Ilu Aba Bora ZHD,Bure WorHO
Oromia,Ilu Aba Bora ZHD,Darimu WorHO
Oromia,Ilu Aba Bora ZHD,Didu WorHO
Oromia,Ilu Aba Bora ZHD,Doranii WorHO
Oromia,Ilu Aba Bora ZHD,Halu WorHO
Oromia,Ilu Aba Bora ZHD,Hurrumuu WorHO
Oromia,Ilu Aba Bora ZHD,Metu Zuriya WorHO
Oromia,Ilu Aba Bora ZHD,Sele Nono WorHO
Oromia,Ilu Aba Bora ZHD,Yayo WorHO
Oromia,Jimma ZHD,Botor Tolay WorHO
Oromia,Jimma ZHD,Chora Botor WorHO
Oromia,Jimma ZHD,Dedo WorHO
Oromia,Jimma ZHD,Gera WorHO
Oromia,Jimma ZHD,Gomma WorHO
Oromia,Jimma ZHD,Gumay WorHO
Oromia,Jimma ZHD,Kersa WorHO
Oromia,Jimma ZHD,Limu Genet Town WorHO
Oromia,Jimma ZHD,Limu Kosa WorHO
Oromia,Jimma ZHD,Limu Seka WorHO
Oromia,Jimma ZHD,Mana WorHO
Oromia,Jimma ZHD,Mencho WorHO
Oromia,Jimma ZHD,Nono Benja WorHO
Oromia,Jimma ZHD,Omo Beyem WorHO
Oromia,Jimma ZHD,Omo Nada WorHO
Oromia,Jimma ZHD,Seka Chekorsa WorHO
Oromia,Jimma ZHD,Setema WorHO
Oromia,Jimma ZHD,Shabe Sombo WorHO
Oromia,Jimma ZHD,Sigmo WorHO
Oromia,Jimma ZHD,Sokoru WorHO
Oromia,Jimma ZHD,Tiro Afeta WorHO
Oromia,Kelem Wellega ZHD,Anfilo WorHO
Oromia,Kelem Wellega ZHD,Dale Sadi WorHO
Oromia,Kelem Wellega ZHD,Dale Wabera WorHO
Oromia,Kelem Wellega ZHD,Dambi Dollo WorHO
Oromia,Kelem Wellega ZHD,Gawo kebe WorHO
Oromia,Kelem Wellega ZHD,Gidami WorHO
Oromia,Kelem Wellega ZHD,Hawa Gelan WorHO
Oromia,Kelem Wellega ZHD,Jimma Horo WorHO
Oromia,Kelem Wellega ZHD,Lalo Kile WorHO
Oromia,Kelem Wellega ZHD,Saden Chanka WorHO
Oromia,Kelem Wellega ZHD,Seyo WorHO
Oromia,Kelem Wellega ZHD,Yemalogi Welel WorHO
Oromia,North Shewa ZHD,Abichu Gna WorHO
Oromia,North Shewa ZHD,Aleltu WorHO
Oromia,North Shewa ZHD,Berek WorHO
Oromia,North Shewa ZHD,Chancho Town WorHO
Oromia,North Shewa ZHD,Debre Libanos WorHO
Oromia,North Shewa ZHD,Degem WorHO
Oromia,North Shewa ZHD,Derra WorHO
Oromia,North Shewa ZHD,Fitche Town WorHO
Oromia,North Shewa ZHD,Gebra Guracha Town WorHO
Oromia,North Shewa ZHD,Girar Jarso WorHO
Oromia,North Shewa ZHD,Hidabu Abote WorHO
Oromia,North Shewa ZHD,Jida WorHO
Oromia,North Shewa ZHD,Kimbibit WorHO
Oromia,North Shewa ZHD,Kuyu WorHO
Oromia,North Shewa ZHD,Mulo WorHO
Oromia,North Shewa ZHD,Sululta WorHO
Oromia,North Shewa ZHD,Were Jarso WorHO
Oromia,North Shewa ZHD,Wuchale WorHO
Oromia,North Shewa ZHD,Yaya Gulele WorHO
Oromia,Shegere City Health Office,Burayu subcity
Oromia,Shegere City Health Office,Furi subcity
Oromia,Shegere City Health Office,Gafarsa Guje Subcity
Oromia,Shegere City Health Office,Galan Guda subcity
Oromia,Shegere City Health Office,Galan Subcity
Oromia,Shegere City Health Office,Koye Fache subcity
Oromia,Shegere City Health Office,Kura Jida subcity
Oromia,Shegere City Health Office,Laga Tafo Laga Dadi Subcity
Oromia,Shegere City Health Office,Malka Nono Subcity
Oromia,Shegere City Health Office,Mana Abichu Subcity
Oromia,Shegere City Health Office,Sabata Subcity
Oromia,Shegere City Health Office,Sululta Subcity
Oromia,South West Shewa ZHD,Amaya WorHO
Oromia,South West Shewa ZHD,Becho WorHO
Oromia,South West Shewa ZHD,Dawo WorHO
Oromia,South West Shewa ZHD,Goro WorHO
Oromia,South West Shewa ZHD,Ilu WorHO
Oromia,South West Shewa ZHD,Kersana Mamila WorHO
Oromia,South West Shewa ZHD,Saden Sodo WorHO
Oromia,South West Shewa ZHD,Sebeta Hawas WorHO
Oromia,South West Shewa ZHD,Sodo Dacha WorHO
Oromia,South West Shewa ZHD,Tole WorHO
Oromia,South West Shewa ZHD,Woliso WorHO
Oromia,South West Shewa ZHD,Wonchi WorHO
Oromia,West Arsi ZHD,Adaba WorHO
Oromia,West Arsi ZHD,Arsi Negele Rural WorHO
Oromia,West Arsi ZHD,Arsi Negele Town WorHO
Oromia,West Arsi ZHD,Dodola Rural WorHO
Oromia,West Arsi ZHD,Gedeb Hasasa WorHO
Oromia,West Arsi ZHD,Heben Arsi WorHO
Oromia,West Arsi ZHD,Kofele Town WorHO
Oromia,West Arsi ZHD,Kofele WorHO
Oromia,West Arsi ZHD,Kokosa WorHO
Oromia,West Arsi ZHD,Nansebo WorHO
Oromia,West Arsi ZHD,Qore WorHO
Oromia,West Arsi ZHD,Shala WorHO
Oromia,West Arsi ZHD,Shashemene Zuria WorHO
Oromia,West Arsi ZHD,Siraro WorHO
Oromia,West Arsi ZHD,Wondo WorHO
Oromia,West Guji ZHD,Abaya WorHO
Oromia,West Guji ZHD,Birbirsa Kojowa WorHO
Oromia,West Guji ZHD,Bule Hora WorHO
Oromia,West Guji ZHD,Dugda Dawa WorHO
Oromia,West Guji ZHD,Gelana WorHO
Oromia,West Guji ZHD,Hambela Wamena WorHO
Oromia,West Guji ZHD,Kercha Town WorHO
Oromia,West Guji ZHD,Kercha WorHO
Oromia,West Guji ZHD,Melka Soda WorHO
Oromia,West Guji ZHD,Suro Barguda WorHO
Oromia,West Hararge ZHD,Anchar WorHO
Oromia,West Hararge ZHD,Bedesa WorHO
Oromia,West Hararge ZHD,Boke WorHO
Oromia,West Hararge ZHD,Burka Dhintu WorHO
Oromia,West Hararge ZHD,Chiro WorHO
Oromia,West Hararge ZHD,Chiro Zurya WorHO
Oromia,West Hararge ZHD,Daro Lebu WorHO
Oromia,West Hararge ZHD,Doba WorHO
Oromia,West Hararge ZHD,Gelemso Town WorHO
Oromia,West Hararge ZHD,Gemechis WorHO
Oromia,West Hararge ZHD,Guba Qoricha WorHO
Oromia,West Hararge ZHD,Gumbi Bordode WorHO
Oromia,West Hararge ZHD,Habro WorHO
Oromia,West Hararge ZHD,Hawi Gudina WorHO
Oromia,West Hararge ZHD,Hirna Town WorHO
Oromia,West Hararge ZHD,Mesela WorHO
Oromia,West Hararge ZHD,Micheta Mechara Town WorHO
Oromia,West Hararge ZHD,Mieso WorHO
Oromia,West Hararge ZHD,Oda Bultum WorHO
Oromia,West Hararge ZHD,Tulo WorHO
Oromia,West Shewa ZHD,Abuna Gindeberet WorHO
Oromia,West Shewa ZHD,Ada Berga WorHO
Oromia,West Shewa ZHD,Ambo WorHO
Oromia,West Shewa ZHD,Bako Tibe WorHO
Oromia,West Shewa ZHD,Chelia WorHO
Oromia,West Shewa ZHD,Chobi WorHO
Oromia,West Shewa ZHD,Dano WorHO
Oromia,West Shewa ZHD,Dendi WorHO
Oromia,West Shewa ZHD,Ejere WorHO
Oromia,West Shewa ZHD,Ejersa Lafo WorHO
Oromia,West Shewa ZHD,Elfata WorHO
Oromia,West Shewa ZHD,Gindebert WorHO
Oromia,West Shewa ZHD,Ilu Galane WorHO
Oromia,West Shewa ZHD,Jeldu WorHO
Oromia,West Shewa ZHD,Jibat WorHO
Oromia,West Shewa ZHD,Liban Jawi WorHO
Oromia,West Shewa ZHD,Meta Robi WorHO
Oromia,West Shewa ZHD,Meta Welkite WorHO
Oromia,West Shewa ZHD,Mida kegni WorHO
Oromia,West Shewa ZHD,Nonoo WorHO
Oromia,West Shewa ZHD,Tikur Enchini WorHO
Oromia,West Shewa ZHD,Toke Kutaye WorHO
Oromia,West Shewa ZHD,Welmera WorHO
Oromia,West Wellega ZHD,Ayira WorHO
Oromia,West Wellega ZHD,Babo Gembel WorHO
Oromia,West Wellega ZHD,Begi WorHO
Oromia,West Wellega ZHD,Boji Choqorsa WorHO
Oromia,West Wellega ZHD,Boji Dirmeji WorHO
Oromia,West Wellega ZHD,Ganji WorHO
Oromia,West Wellega ZHD,Gimbi Rural WorHO
Oromia,West Wellega ZHD,Gimbi Town WorHO
Oromia,West Wellega ZHD,Guliso WorHO
Oromia,West Wellega ZHD,Haru WorHO
Oromia,West Wellega ZHD,Homa WorHO
Oromia,West Wellega ZHD,Jarso WorHO
Oromia,West Wellega ZHD,Kiltu Kara WorHO
Oromia,West Wellega ZHD,Lalo Asabi WorHO
Oromia,West Wellega ZHD,Leta Sibu WorHO
Oromia,West Wellega ZHD,Mendi Twon WorHO
Oromia,West Wellega ZHD,Mene Sibu WorHO
Oromia,West Wellega ZHD,Nedjo Rural WorHO
Oromia,West Wellega ZHD,Nole Kaba WorHO
Oromia,West Wellega ZHD,Qondala WorHO
Oromia,West Wellega ZHD,Seyo Nole WorHO
Oromia,West Wellega ZHD,Yubdo WorHO
Oromia,Adama Town,Adama Town
Oromia,Agaro Town,Agaro Town
Oromia,Ambo Town,Ambo Town
Oromia,Asalla town,Asalla town
Oromia,Batu Town,Batu Town
Oromia,Bishoftu Town,Bishoftu Town
Oromia,Bule Hora Town,Bule Hora Town
Oromia,Dodola Town,Dodola Town
Oromia,Holota Town,Holota Town
Oromia,Jimma Special,Jimma Special
Oromia,Maya Town,Maya Town
Oromia,Metu Town,Metu Town
Oromia,Mojo Town,Mojo Town
Oromia,Moyale Town,Moyale Town
Oromia,Nedjo Town,Nedjo Town
Oromia,Nekemte Town,Nekemte Town
Oromia,Robe Town,Robe Town
Oromia,Sendafa Bake Town,Sendafa Bake Town
Oromia,Shakiso Town,Shakiso Town
Oromia,Shashemene Town,Shashemene Town
Oromia,Sheno Town,Sheno Town
Oromia,Woliso Town,Woliso Town
Sidama,Sidama,Aleta Chuko town
Sidama,Sidama,Aleta Chuko Woreda
Sidama,Sidama,Aleta Wondo town
Sidama,Sidama,Aleta Wondo Woreda
Sidama,Sidama,Arbegona Woreda
Sidama,Sidama,Aroresa Woreda
Sidama,Sidama,Bensa Woreda
Sidama,Sidama,Bilate Zuria Woreda
Sidama,Sidama,Bona Zuria Woreda
Sidama,Sidama,Boricha Woreda
Sidama,Sidama,Bura Woreda
Sidama,Sidama,Bursa Woreda
Sidama,Sidama,Chabe Gambeltu Woreda
Sidama,Sidama,Chire Woreda
Sidama,Sidama,Chirone Woreda
Sidama,Sidama,Daela Woreda
Sidama,Sidama,Dale Woreda
Sidama,Sidama,Dara Otilcho Woreda
Sidama,Sidama,Dara Woreda
Sidama,Sidama,Darara Woreda
Sidama,Sidama,Daye Town
Sidama,Sidama,Gorche Woreda
Sidama,Sidama,Hawassa Town
Sidama,Sidama,Hawassa Zuria Woreda
Sidama,Sidama,Hawella Woreda
Sidama,Sidama,Hoko Woreda
Sidama,Sidama,Hula Woreda
Sidama,Sidama,Leku town
Sidama,Sidama,Loka Abaya Woreda
Sidama,Sidama,Melga Woreda
Sidama,Sidama,Shafamo Woreda
Sidama,Sidama,Shebedino Woreda
Sidama,Sidama,Teticha Woreda
Sidama,Sidama,Tula Woreda office
Sidama,Sidama,Wondo Genet Town
Sidama,Sidama,Wondo Genet Woreda
Sidama,Sidama,Wonsho Woreda
Sidama,Sidama,Yirgalem Town
Somali,Afder,Barey
Somali,Afder,Charati
Somali,Afder,Dolo-bay
Somali,Afder,Elkari
Somali,Afder,God-God
Somali,Afder,Hargele
Somali,Afder,Qooxle
Somali,Afder,Raso
Somali,Afder,Weast-Imay
Somali,Dawa,Hudhet
Somali,Dawa,Kadadumo
Somali,Dawa,Moyale
Somali,Dawa,Mubarak
Somali,Dollo,Bokh
Somali,Dollo,Danot
Somali,Dollo,Daratole
Somali,Dollo,Galadi
Somali,Dollo,Galhamer
Somali,Dollo,Lahel-yu'ub
Somali,Dollo,Warder
Somali,Erer,Fik
Somali,Erer,Hamaro
Somali,Erer,Kubbi
Somali,Erer,Lagahida
Somali,Erer,Mayumuluqo
Somali,Erer,Salahad
Somali,Erer,Wangay
Somali,Erer,Yahob
Somali,Fafan,Awbare
Somali,Fafan,babili
Somali,Fafan,Goljano
Somali,Fafan,Gursum
Somali,Fafan,Harawo
Somali,Fafan,Harorays
Somali,Fafan,Harshin
Somali,Fafan,Jigjiga city
Somali,Fafan,Shabeley
Somali,Fafan,Mula
Somali,Fafan,Qabribayah
Somali,Fafan,Qabribayah city
Somali,Fafan,Togwajale city
Somali,Fafan,Tuliguled
Somali,Jarar,Ararso
Somali,Jarar,Aware
Somali,Jarar,Bilcinbour
Somali,Jarar,Birqot
Somali,Jarar,Dhagahmadow
Somali,Jarar,Dagehbour
Somali,Jarar,Dagahbour City
Somali,Jarar,Darror
Somali,Jarar,Dig
Somali,Jarar,Gashamo
Somali,Jarar,Gunagado
Somali,Jarar,Yoalle
Somali,Korahey,Bodalay
Somali,Korahey,Dhoboweyn
Somali,Korahey,El-Ogaden
Somali,Korahey,Goglo
Somali,Korahey,Higloley
Somali,Korahey,Kebridahar
Somali,Korahey,Kebridahar city
Somali,Korahey,Lasdhankeyre
Somali,Korahey,Marsin
Somali,Korahey,Shaykosh
Somali,Korahey,Shilabo
Somali,Liban,Bokolmayo
Somali,Liban,Dekasuftu
Somali,Liban,Dolo-Ado
Somali,Liban,Filtu
Somali,Liban,Gorabakaksa
Somali,Liban,Guradamole
Somali,Liban,Karsadule
Somali,Nogob,Ayun
Somali,Nogob,Duhun
Somali,Nogob,Elwayne
Somali,Nogob,Garbo
Somali,Nogob,Hararey
Somali,Nogob,Horashagah
Somali,Nogob,Sagag
Somali,Shabele,Abaqaraw
Somali,Shabele,Adadle
Somali,Shabele,Bercano
Somali,Shabele,Danen
Somali,Shabele,East imay
Somali,Shabele,Elele
Somali,Shabele,Ferfer
Somali,Shabele,Godey
Somali,Shabele,Godey City
Somali,Shabele,Mustahil
Somali,Shabele,Qalafo
Somali,Sitti,Afdem
Somali,Sitti,Aysha
Somali,Sitti,Danbal
Somali,Sitti,Erer
Somali,Sitti,Gablalu
Somali,Sitti,Gotta Biki
Somali,Sitti,Hadagalle
Somali,Sitti,Maiso
Somali,Sitti,Shinile
Somali,Sitti,Daymeed
Somali,Sitti,Dhuunyar
South Ethiopia,Alle,Alle
South Ethiopia,Alle,Alle woreda
South Ethiopia,Koore,KELLE Town
South Ethiopia,Koore,Gorka Wreda
South Ethiopia,Koore,Sarmale Woreda
South Ethiopia,Ari,Backa Dawella Ari
South Ethiopia,Ari,Jinka Town
South Ethiopia,Ari,North Ari
South Ethiopia,Ari,South Ari
South Ethiopia,Ari,Woeba Ari
South Ethiopia,Ari,Gelila Town
South Ethiopia,Basketo,Basketo Woreda
South Ethiopia,Basketo,Laska Town
South Ethiopia,Burji,Burji
South Ethiopia,Burji,Soyama Town
South Ethiopia,Derashe,Derashe
South Ethiopia,Derashe,Gidole Town
South Ethiopia,Gamo,Arbaminch Town
South Ethiopia,Gamo,Arbaminch Zuria
South Ethiopia,Gamo,Birbir Town
South Ethiopia,Gamo,Bonke
South Ethiopia,Gamo,Boreda
South Ethiopia,Gamo,Chencha Town
South Ethiopia,Gamo,Chencha Zuria
South Ethiopia,Gamo,Dera malo
South Ethiopia,Gamo,Dita
South Ethiopia,Gamo,Gacho Baba
South Ethiopia,Gamo,Garda Marta
South Ethiopia,Gamo,Gerese Town
South Ethiopia,Gamo,Gerese Zuria
South Ethiopia,Gamo,Kamba Town
South Ethiopia,Gamo,Kamba Zuria
South Ethiopia,Gamo,Kogota
South Ethiopia,Gamo,Kutcha alpha
South Ethiopia,Gamo,Kutcha Zuria
South Ethiopia,Gamo,Mirab Abaya
South Ethiopia,Gamo,Selamber Town
South Ethiopia,Gedeo,Bulle
South Ethiopia,Gedeo,Chelelektu Town
South Ethiopia,Gedeo,Chorso
South Ethiopia,Gedeo,Dilla Town
South Ethiopia,Gedeo,Dilla Zuria
South Ethiopia,Gedeo,Gedeb Town
South Ethiopia,Gedeo,Gedeb Woreda
South Ethiopia,Gedeo,Kochore
South Ethiopia,Gedeo,Rappe
South Ethiopia,Gedeo,Wenago Town
South Ethiopia,Gedeo,Wenago Woreda
South Ethiopia,Gedeo,Yirgachefe Town
South Ethiopia,Gedeo,Yirgachefe Woreda
South Ethiopia,Gofa,Beto town
South Ethiopia,Gofa,Bulki Town
South Ethiopia,Gofa,Demba Gofa
South Ethiopia,Gofa,Geze Gofa
South Ethiopia,Gofa,Laha Town
South Ethiopia,Gofa,Melo Gada
South Ethiopia,Gofa,MeloKoza
South Ethiopia,Gofa,Oyida
South Ethiopia,Gofa,Sawla Town
South Ethiopia,Gofa,Uba Debretsehay
South Ethiopia,Gofa,Zalla
South Ethiopia,Konso,karat zuria
South Ethiopia,Konso,kena
South Ethiopia,Konso,segen zuria
South Ethiopia,Konso,kolme
South Ethiopia,Konso,karat town
South Ethiopia,South Omo,Dassenech
South Ethiopia,South Omo,Benatsemay
South Ethiopia,South Omo,Malle
South Ethiopia,South Omo,Nyangatom
South Ethiopia,South Omo,Hamer
South Ethiopia,South Omo,Turmi Town
South Ethiopia,South Omo,Salamago
South Ethiopia,Wolaita,Abala Abaya
South Ethiopia,Wolaita,Areka Town
South Ethiopia,Wolaita,Bayra Koysha
South Ethiopia,Wolaita,Bele Hawasa Town
South Ethiopia,Wolaita,Boditi Town
South Ethiopia,Wolaita,Boloso Bombe
South Ethiopia,Wolaita,Boloso Sore
South Ethiopia,Wolaita,Damot Gale
South Ethiopia,Wolaita,Damot Pulasa
South Ethiopia,Wolaita,Damote Sore
South Ethiopia,Wolaita,Damote Woyde
South Ethiopia,Wolaita,Duguna Fango
South Ethiopia,Wolaita,Gesuba Town
South Ethiopia,Wolaita,Gununo Hamus Town
South Ethiopia,Wolaita,Hobicha
South Ethiopia,Wolaita,Humbo
South Ethiopia,Wolaita,Kawo Koysha
South Ethiopia,Wolaita,Kindo didaye
South Ethiopia,Wolaita,Kindo Koysha
South Ethiopia,Wolaita,Ofa
South Ethiopia,Wolaita,Sodo Town
South Ethiopia,Wolaita,Sodo Zuria
South Ethiopia,Wolaita,Tebela Town
South West Ethiopia,Bench,Gidi Bench
South West Ethiopia,Bench,Guraferda
South West Ethiopia,Bench,Mizan Aman
South West Ethiopia,Bench,North Bench
South West Ethiopia,Bench,Sheko
South West Ethiopia,Bench,Sheybench
South West Ethiopia,Bench,Siz Town
South West Ethiopia,Bench,South Bench
South West Ethiopia,Bench,Biftu
South West Ethiopia,Bench,Sheko Town
South West Ethiopia,Dawro,Dissa
South West Ethiopia,Dawro,Gena
South West Ethiopia,Dawro,Gessa Town
South West Ethiopia,Dawro,Issera
South West Ethiopia,Dawro,Kechi
South West Ethiopia,Dawro,Lomma
South West Ethiopia,Dawro,mareka
South West Ethiopia,Dawro,Mari manssa
South West Ethiopia,Dawro,Tarcha city Adimin
South West Ethiopia,Dawro,Tarcha Zuriya
South West Ethiopia,Dawro,Tocha
South West Ethiopia,Dawro,Zaba Gazo
South West Ethiopia,Dawro,Waka
South West Ethiopia,Dawro,Issera Bale Town
South West Ethiopia,Keffa,Adiyo
South West Ethiopia,Keffa,Awurada
South West Ethiopia,Keffa,Bitta
South West Ethiopia,Keffa,Bonga
South West Ethiopia,Keffa,Chena
South West Ethiopia,Keffa,Cheta
South West Ethiopia,Keffa,Decha
South West Ethiopia,Keffa,Deka
South West Ethiopia,Keffa,Gesha
South West Ethiopia,Keffa,Gewata
South West Ethiopia,Keffa,Gimbo
South West Ethiopia,Keffa,Goba
South West Ethiopia,Keffa,Sayilem
South West Ethiopia,Keffa,Shishinda
South West Ethiopia,Keffa,Shishoende
South West Ethiopia,Keffa,Tello
South West Ethiopia,Keffa,Wacha
South West Ethiopia,Konta,Ameya City Adiministration
South West Ethiopia,Konta,Ameya Zuriya Woreda
South West Ethiopia,Konta,Chida City Adiministration
South West Ethiopia,Konta,Ela Anchano Woreda
South West Ethiopia,Konta,Konta Koysha Woreda
South West Ethiopia,Sheka,Andracha Woreda
South West Ethiopia,Sheka,Masha Town
South West Ethiopia,Sheka,Masha Woreda
South West Ethiopia,Sheka,Tepi Town
South West Ethiopia,Sheka,Yeki Worda
South West Ethiopia,West Omo,Bachuma TA
South West Ethiopia,West Omo,Bero WorHO
South West Ethiopia,West Omo,Gachit WorHO
South West Ethiopia,West Omo,Gorigesha WorHO
South West Ethiopia,West Omo,Jamu TA
South West Ethiopia,West Omo,Maji -Tumi Town addministration
South West Ethiopia,West Omo,Maji WorHO
South West Ethiopia,West Omo,Menit goldia WorHO
South West Ethiopia,West Omo,Menit shasha WorHO
South West Ethiopia,West Omo,Surima WorHO
Tigray,Central Zone,Abrgele yechla
Tigray,Central Zone,Abyiadi
Tigray,Central Zone,Adet
Tigray,Central Zone,adwa
Tigray,Central Zone,Adwa town
Tigray,Central Zone,Ahferom
Tigray,Central Zone,Ahsea
Tigray,Central Zone,Axum town
Tigray,Central Zone,Chlla
Tigray,Central Zone,Edabatsahma
Tigray,Central Zone,Egella
Tigray,Central Zone,Embasenyti
Tigray,Central Zone,Enticho
Tigray,Central Zone,Hahaylle
Tigray,Central Zone,Keyhteklli
Tigray,Central Zone,Kollatemben
Tigray,Central Zone,Laelay machew
Tigray,Central Zone,Maiknetal
Tigray,Central Zone,Naeder
Tigray,Central Zone,Rama Adi 4
Tigray,Central Zone,Tahtay machew
Tigray,Central Zone,Tankamlash
Tigray,Eastern Zone,Adigrat
Tigray,Eastern Zone,Atsbi
Tigray,Eastern Zone,Bizet
Tigray,Eastern Zone,Endaselase Atsbi
Tigray,Eastern Zone,Edaga Hamus
Tigray,Eastern Zone,Erob
Tigray,Eastern Zone,Freweyni
Tigray,Eastern Zone,Ganta Afeshum
Tigray,Eastern Zone,Gerealta
Tigray,Eastern Zone,Gulomekeda
Tigray,Eastern Zone,Hawzen
Tigray,Eastern Zone,Ketema Hawzen
Tigray,Eastern Zone,Kilteawlaelo
Tigray,Eastern Zone,Subhasaesie
Tigray,Eastern Zone,Tsaeda Emba
Tigray,Eastern Zone,Tsiraewemberta
Tigray,Eastern Zone,Wukro
Tigray,Eastern Zone,Zalambesa
Tigray,Mekele,Adihaki
Tigray,Mekele,Ayder
Tigray,Mekele,Hadnet
Tigray,Mekele,Hawelti
Tigray,Mekele,Kedamay Weyane
Tigray,Mekele,Quiha
Tigray,Mekele,Semen
Tigray,N/West Zone,Adi Daero
Tigray,N/West Zone,Asgede
Tigray,N/West Zone,Endaba Guna
Tigray,N/West Zone,Seyemti Adiabo
Tigray,N/West Zone,Laelay Koraro
Tigray,N/West Zone,Laelay Tselemti
Tigray,N/West Zone,Maekel Adiabo
Tigray,N/West Zone,Maye Tsebri
Tigray,N/West Zone,Shire Town
Tigray,N/West Zone,Shraro Town
Tigray,N/West Zone,Tahetay Adiabo
Tigray,N/West Zone,Tahetay Koraro
Tigray,N/West Zone,Tselemti
Tigray,N/West Zone,Tsinbla
Tigray,N/West Zone,Zana
Tigray,South East Zone,Adigudom
Tigray,South East Zone,Degua
Tigray,South East Zone,Enderta
Tigray,South East Zone,Hagereselam
Tigray,South East Zone,Hintallo
Tigray,South East Zone,Samre
Tigray,South East Zone,Seharti
Tigray,South East Zone,Wejerat
Tigray,South Zone,Alamata Town
Tigray,South Zone,Bora
Tigray,South Zone,Raya chercher
Tigray,South Zone,Emba Alaje
Tigray,South Zone,Endamokoni
Tigray,South Zone,korem Twon
Tigray,South Zone,Maychew
Tigray,South Zone,Mokoni
Tigray,South Zone,Nekesege
Tigray,South Zone,ofla
Tigray,South Zone,Raya Alamata
Tigray,South Zone,Raya azebo
Tigray,South Zone,Selewa
Tigray,South Zone,zata
Tigray,West Zone,Awera
Tigray,West Zone,Dansha
Tigray,West Zone,Kafta Humera
Tigray,West Zone,Korarit
Tigray,West Zone,May Gaba
Tigray,West Zone,May kadira
Tigray,West Zone,Setit Humera
Tigray,West Zone,Tsegede
Tigray,West Zone,welkayt
